message|label,,,,,,,,,,,
@Karmaleonic Estas mal,a los tres magreb√≠es que han violado a una chica,uno se ha escapado a Marruecos,y los otros dos est√°n en libertad a espera de juicio porque el juez no cree que exista riesgo de fuga.|racist,,,,,,,,
@Biba4343 @populares @pablocasado_ El PP tiene que pedir PERD√ìN a todos los Espa√±oles,por el da√±o que nos est√°n haciendo,son ustedes unos COBARDES,todos los INMIGRANTES ILEGALES,deportaci√≥n inmediata YA Roban,violan,okupan,agreden violenta/,hom√≥fobos,machistas,segracionistas,intolerantes religiosos...|racist
"Un diputado de Navarra Suma saca los colores a Montero y el PSOE por el ""pacto de la infamia"" con Bildu|non-racist",,,,,,,,,,,
Una recomendaci√≥n del Parlamento Europeo que discrimina a todos los hombres europeos. @Europarl_EN Una nueva ideolog√≠a totalitaria planea sobre europa como cuando todo era culpa de los jud√≠os y comunistas|non-racist,,,,,,,,,,,
Cartagena. Vecinos denuncian continuos robos. Grupo de 5-6 magreb√≠s. en ciudad y campo. ¬øD√≥nde est√°n la Polic√≠a y la Guardia Civil? Uno por otro,la casa sin barrer. Est√°n identificando y multando a ciudadanos que pasean porque es lo que exigen sus jefes,estad√≠sticas. #Basura|racist,,,,,,,,,
@ElLehrer 2/2 mucha gente en serio piensa que si est√°n las cosas mal es porque la gente no hace lo correcto para salir adelante. Y si piensa que est√° haciendo le culpa a todos los hippies,vagos,LGTBQ,judios,comunistas o lo que sea por su situaci√≥n. Esta charla va a continuar x muchoüòò|non-racist,,,,,,,
@unkaos @Alvisepf @guardiacivil Como los de ETA,indepes o los ilegales y menas?|racist,,,,,,,,,,
"@Carlosiden2225 Me hab√≠a asustado. Pens√© que pon√≠a ""Basta de moros voladores""|non-racist",,,,,,,,,,,
El problema es que los medios hacen sangre de los polic√≠as mientras callan las tropel√≠as de los inmigrantes ilegales. Vaya democracia nos est√° quedando.|non-racist,,,,,,,,,,,
La Cartuja vibr√≥ con el himno de Espa√±a|non-racist,,,,,,,,,,,
Ya comenz√≥ la migraci√≥n descontrolada,inmigrantes dicen que pasan por el lado de los militares y no les impiden el paso,la pregunta para que sirve el ej√©rcito si no Es para resguardar Chile|non-racist,,,,,,,,,
¬øSorpresa? Esperanza Aguirre y su marido vendieron un Goya in√©dito por cinco millones sin protegerlo como bien cultural para ahorrarse impuestos a trav√©s de @eldiarioes|non-racist,,,,,,,,,,,
@BeaMfc_ @HennesseyDaddy7 @fatimacruzr cuando dije eso ajdjajd dije que mexico tiene mexicanos,decir de la nada latinos (aunque lo son) suena como que latinoamerica = mexico|non-racist,,,,,,,,,,
@restre500 Quieren movida,que tengan cuidado con los sudacasüëø|racist,,,,,,,,,,
El twuitter me dej√≥ sin mis √∫ltimas publicaciones. No tienen caso .dec√≠s lo que ellos no quieren y te demuestran que son jud√≠os y no tienen soluci√≥n.|racist,,,,,,,,,,,
@Felipe_Cano_ @populares Hace tiempo,hacia Ramad√°n un compa√±ero,y se molestaba porq yo beb√≠a agua delante de √©l,claro le dan √≠nfulas de superioridad,eso pasa con los menas,con los inmigrantes,con los gitanos y todos.los colectivos,q se creen q por ser de ese idem,estan x encima @sanchezcastejon|racist,,,
@CETLG284 @EmiZrate4 Los Mexicanos se resisten a recibir educaci√≥n? No. Los gitanos si. Los Mexicanos robamos cada cosa que vemos conveniente? No. (Hay un vergo de gente huevona,y la identificamos facil si sigue a AMLO). Los Gitanos si. Literalmente esos te agarran entre varios los muy cobardes.|racist,,,,,,,,,,
@MartaNebot @publico_es Te imaginas que te violasen una manada de magreb√≠es,yo me iba a estar descojonando dos meses.|racist,,,,,,,,,,
Seg√∫n la Delegaci√≥n del Gobierno en Canarias las infracciones penales cayeron un 6% el √∫ltimo trimestre del 2020 en las islas. Percepci√≥n vs realidad.|non-racist,,,,,,,,,,,
@DMatamala Estamos aburridos de la violencia en las calles todos contra todos. Para mas remate inmigrantes violentos delincuentes infiltrados. Pero hay personas que los protegen.|racist,,,,,,,,,,,
@BeatrizTalegon no se os escucha cuando una manada de magreb√≠es viola a alguna chica espa√±ola... no ten√©is verg√ºenza|racist,,,,,,,,,,,
Pol√≠ticos miserables llenan nuestras calles de inmigrantes ilegales,la mayor√≠a musulmanes,para esparcir la inseguridad y el terror y vendernos despu√©s una falsa protecci√≥n a cambio de que les entreguemos nuestros derechos y libertades. Sois basura. #SOSCANARIAS #StopInvasi√≥n|racist,,,,,,,,,
Yotuel hace campa√±a para q los delincuentes Maikel Osorno y el Funky,asistan a la payasada q le mont√≥ la CIA; donde ser√° el payaso principal,en la entrega d los Grammy Latinos. Le pregunto,quien los va a venir a buscar? Tu Yotuel,nooooo,eres muy cobarde para eso #Cuba|non-racist,,,,,,
üëÆüèª‚Äç‚ôÇ Dos detenidos tras una batalla campal entre magreb√≠es y sudamericanos en el centro de Palma con palos y gas pimienta #Palma #Polic√≠aNacional #Inmigraci√≥n|non-racist,,,,,,,,,,,
@NisaAlberto @carlagaleote Claro,ser√° eso. No ser√° que estamos cansados de que cada dos semanas una manada de magreb√≠es agreda sexualmente a una chavala|racist,,,,,,,,,,
üìå Ceuta comunica 53 casos en 24 horas y dos fallecidos por ##Covid_19 üìå Murcia informa de 903 nuevos contagios y 11 fallecidos en un d√≠a.|non-racist,,,,,,,,,,,
@SAbichuelo @Vietgal1 Dicen que eran menas. Igual se estaban metiendo con √©l y √©l los grab√≥. O igual no. La verdad es que se han o√≠do muchas cosas,mejor esperar a que se aclare un poco el tema.|non-racist,,,,,,,,,,
Guerra en la que ilegales magreb√≠es nos agreden y los medios cancer√≠genos lo okultanüò°üò°üò°no lo callaremos,difundir|racist,,,,,,,,,,
@AitorMiller Pues no ha llovido,tonto el nabo.|non-racist,,,,,,,,,,
@CarmenMarLan35 Lo hacen por dinero,como en cualquier oficio. De cuando en cuando te encuentras con alguna obligada,pero igual que pasa en el campo con algunos inmigrantes subsaharianos,rumanos,b√∫lgaros,etc. Son casos raros. La mayor√≠a viven de su cuerpo porque es c√≥modo y rentable.|racist,,,,,,
@All_themwitches @PiensaPrensa @BastianFuentesA no sabes lo que realmente pasa en chile,m√°s bien iquique una ciudad tranquila llena de paz que se est√° llenando de inmigrantes ilegales,los cuales son delincuentes y/o sicarios. Ahora parece una ciudad como las de mexico o colombia|racist,,,,,,,,,
Porque los jud√≠os exigen signos,los griegos buscan sabidur√≠a; pero nosotros predicamos a Cristo crucificado: esc√°ndalo para los jud√≠os,necedad para los gentiles; pero,para los llamados -jud√≠os o griegos-,un Mes√≠as que es fuerza de Dios y sabidur√≠a de Dios.|non-racist,,,,,,,
üî¥ Barcelona 5 individuos de origen extranjero agreden a un hombre en Barcelona para robarle el reloj. Ya est√°n detenidos por los Mossos.|non-racist,,,,,,,,,,,
voy a ir a quemar la Moncloa como perdamos esos territorios por parte de menas de 13 a√±os.|racist,,,,,,,,,,,
El Arsenal se mueve por Jovic|non-racist,,,,,,,,,,,
@abc_es Claro que s√≠. Todos son int√©rpretes no? Y,claro..quer√≠a traer a toda su familia no? Y vivir a costa de las ayudas que a los espa√±oles no les dan con el dinero p√∫blico que ellos no pagan. Triste mis cojones. ¬øPor qu√© no los quieren en pa√≠ses musulmanes?.|racist,,,,,,,,,,
@controladores Inmigrantes ilegales paralizan el aeropuerto de Palma al huir de un avi√≥n marroqu√≠|non-racist,,,,,,,,,,,
@elmundoes Curro Jim√©nez ..S√°nchez alias el bandolero..el que roba a su pueblo para ayudar a los m√°s desfavorecidos a vagos.inmigrantes.ninis.menas.moros.negros.okupas.violadores .delincuentes.pues yo le aconsejo que ayude a la gente trabajadora y a los empresarios .|racist,,,,,,,,,,,
La historia de la primera #Karen y los #michis te har√° derramar varias l√°grimas. @AztecaNoticias|non-racist,,,,,,,,,,,
"""Iraqu√≠es no √°rabes ni musulmanes, los yazid√≠es han constituido durante mucho tiempo una de las minor√≠as m√°s vulnerables de este pa√≠s. Miles de ellos huyeron de las persecuciones bajo el r√©gimen de Sadam Husein (1979-2003).""|non-racist",,,,,,,,,,,
‚û°Ô∏èLos obispos espa√±oles ven ‚Äúestupendo‚Äù que musulmanes,jud√≠os y evang√©licos tengan su casilla de la X @prensaCEE @DiocesisBilbao @iglesiaenaragon|racist,,,,,,,,,,
@EJLantigua Soto va a estar a nivel de Harper/Tatis. Ya debemos dejar de privar en #victimas en todo. Los latinos tan s√∫per bien pagados. Y si no gana premios‚Ä¶es porque no los merecen.|racist,,,,,,,,,,,
üìçLas Ra√≠ces,TENERIFE. üí∞Millones de ‚Ç¨ de nuestros bolsillos en plena crisis,para mantener a esta lacra de delincuentes que no quieren en su pa√≠s. ‚û°Ô∏è Ni una sola mujer,ancian@,ni√±@s peque√±os,solo hombres... #StopInmigraci√≥nIlegal #La√ëEst√°EnPeligro #LevantandoEspa√±a|racist,,,,,,
@javierremirez Sois unos sinverg√ºenzas in√∫tiles!! Cerrando bares y restaurantes mientras dej√°is los aeropuertos abiertos al turismo de pa√≠ses mucho m√°s afectados de COVID y dejando campar a sus anchas a inmigrantes ilegales! C√≥mo va la acogida de MENAS Rem√≠rez? A cu√°ntos te has metido en casa?|racist,,,,,,,,,,,
@contrastado Barcelona la ciudad que fue. Y a la cumbre del clima la ESPA√ëA progHEZ lleva a Colau la coartada de; ilegƒÖles mƒônas mantƒôros ocupƒÖs antisƒØstemas antifƒÖscistas golpƒØstas......|racist,,,,,,,,,,,
@cuevas_dawson Cripto jud√≠os con DNI espa√±ol|non-racist,,,,,,,,,,,
@carbonitedan @FranFransor1 @hasta_el_mismo3 @Mazinguer88 Llamamos escoria cuando es un espa√±ol el que agrede,pero miramos hacia otro lado cuando hay decenas de agresiones por parte de menas y musulmanes a diario . No hay nada que explicar,usted parece lo bastante inteligente como para entender lo que ocurre en este pa√≠s .|racist,,,,,,,,,
Los chilenos,tanto como los jud√≠os y toda naci√≥n,tenemos todo derecho a poner condiciones a quiera avencindarse entre nosotros. Los que alegan que los inmigrantes ilegales tienen mejores derechos que los nuestros son totalitarios y usualmente criminales|non-racist,,,,,,,,,
Estos son los 14 directivos que dirigir√°n la nueva CaixaBank tras la fusi√≥n con Bankia|non-racist,,,,,,,,,,,
Ser buena persona,no significa que te dejes poner colarad@ a golpes...Pues lo mismo con los inmigrantes ilegales: Me gustar√≠a ayudarte,PERO la gente q a levantado este pa√≠s va primero cari√±√≥ üòò #LevantandoEspa√±aConVox #LevantandoEspa√±a #TeamVox|racist,,,,,,,,,
El IPC de diciembre ha subido al 6'7% mientras las pensiones las suben un 2'5%. Resumen= Bajan un 4'2% y traen m√°s ilegales subsaharianos y magreb√≠es con subsidios. Agenda 2030.ü§îüá™üá¶|racist,,,,,,,,,,,
Vecinos de Casabermeja (M√°laga) se hartan de los okupas: batalla campal contra los delincuentes|non-racist,,,,,,,,,,,
@danypunkz @DommSantista1 Ya despu√©s llego @JZERMENOI y Torreo valio pura verga....pero si...si mi estimado @danypunkz ....VENCIMOS AL PUTO DESIERTO,A pesar de chinos cabrones,espa√±oles ventajosos y √°rabes vergones(üòé),se venci√≥ como laguneros¬°¬°¬°¬° *suena Viento de Apache***|racist,,,,,,,,
@CapitanBitcoin Lo que no puedo comprender es el estancamiento de j√≥venes entre 40 y 20 a√±os en temas como el de los menas y exmenas.Ellos tienen que cumplir con la ley,son espa√±oles y muchos en casa de papi.A los IILEGALES que deber√≠an ser deportados les dan.... y ellos no reaccionan.Asi .....|racist,,,,,,,,,,
‚úä ¬°Maldito #karma! Detenido uno de los jueces que defendi√≥ la Ley de Violencia de G√©nero‚Ä§.. por una denuncia de su mujer|non-racist,,,,,,,,,,,
Cuando los agresores son magreb√≠s la agresi√≥n no es hom√≥foba.|racist,,,,,,,,,,,
Dos ladrones magreb√≠es abusan sexualmente de una joven e intentan desnudarla en una plaza del centro de Valencia|non-racist,,,,,,,,,,,
Andaluc√≠a endurece las sanciones por infringir medidas sanitarias: ¬°600.000 ‚Ç¨ por incumplir aforos!|non-racist,,,,,,,,,,,
@eldonaji @T13 Bueno,yo tengo de vecinos a ambos lados de mi casa a inmigrantes y mi vecina Chilena,cree que ellos son delincuentes que vienen a quitarle la pega a los Chilenos,los prejuicios y xenofobia ciegan mas all√° de lo evidente.|non-racist,,,,,,,,
que viva Venezuela que viva la revoluci√≥n bolivariana que viva nicolas maduro moros primitivo cede√±o gobernador de portuguesa|non-racist,,,,,,,,,,,
Un aplauso a las patronas que le dan una mano amiga a los inmigrantes.|non-racist,,,,,,,,,,,
@Alex_LeonD Que los cristianos celebren la Navidad as√≠ como los musulmanes celebran el Ramadam y nadie se ofende. ¬øPor qu√© a los cristianos se los discrimina? La doble moral de estos pseudo gobernantes,deber√≠an dar gracias a Dios porque su prosperidad vino gracias al cristianismo.|non-racist,,,,,,,,,,
O la kakuna no sirve o los menas que la l√≠an. Pero algo no funciona en Catalu√±a. Ambas me da a mi. #Soloquedavox|racist,,,,,,,,,,,
3 magreb√≠es detenidos en Barcelona por robar el reloj a una turista alemana de 80 a√±os. Ya han quedado en libertad.|non-racist,,,,,,,,,,,
@NeoReaccionario Bergoglio es un falso papa. Diversos grupos dentro de la iglesia Cat√≥lica e incluso algunos jud√≠os entienden que estamos finalmente ante el FALSO PROFETA anunciado en el libro del Apocal√≠psis.|non-racist,,,,,,,,,,,
@MarceloSjw @siervo_creyente @Pablo51728734 @electo_mania Los Romanos eran los peores enemigos de los Judios y Cristianos,¬øentonces porqu√© YHWH en lugar de castigarlos los eligi√≥ para organizar su Palabra en Nicea? No lo se,piensalo,tal vez esos Reyes te enga√±aronüòÑ|non-racist,,,,,,,,
@simangeo Que clich√© tan barato,intentando llamar feministas tontas a tu causa. Muy rid√≠culo,porque HAMAS VICTIMIZA MUJERES y no es una inocente e indefensa mujer violada,es una organizaci√≥n jurada para matar jud√≠os y destruir ISRAEL. No lo veras pasar. Tu alma seguir√° atormentada !ü§°|non-racist,,,,,,,,
¬øQU√â HACEN LA HEZQUIERDA Y LOS MEDIOS C√ìMPLICES ANTE ESTOS HECHOS QUE EST√ÅN SIENDO MUY FRECUENTES? Y LAS #Feministas,¬øQU√â HACEN CON ESTAS AGRESIONES DE INVASORES DELINCUENTES? #gobiernosocialdelincuente #inmigrantes #delincuentes #bienvenidosabordo|racist,,,,,,,,,,
@SrLeoS1 @ricardoescu @gustavoaloip S√≠,para entrar a otros pa√≠ses √°rabes|non-racist,,,,,,,,,,
Dos magreb√≠es detenidos en Lugo tras golpear con una barra de hierro a un hombre para robarle v√≠a @gaceta_es|non-racist,,,,,,,,,,,
Qu√© fulera la escenificaci√≥n de los programas de NACI√ìN+,molesta a la vista todo ese cuadriculado con filetes negros y solo una pantalla a color. Vi a MAJUL,tampoco me gust√≥,mucha gente!!|racist,,,,,,,,
@JMonteroK9 @PerlaRiverenha Hace 1 perro algo sin saber c√≥mo y por qu√© y sale en todos los medios. Hasta la raza. De la manada de magreb√≠es que ha violado a una chica de 17 a√±os no he sabido nada. De la manada espa√±ola se supo hasta la calle donde viv√≠an...|racist,,,,,,,,,,,
"@VictoriaCF @JuanJoseAvalo1 @edelvallerod Lo dice muy claro ""la MONADA ESA de la cruz roja ayudar a los MAGREB√çES que vienen muy mal"". Habla de todos los magreb√≠es (refer√®ncia a los que vinieron en mayo sin distingir delincuentes) y denigra a la chica. Pero claro, l@s racistas y machistas de mierda de vü§Æx os blanque√°is.|non-racist",,,,,,,,,,,
Me ha dicho mi madre ya que ni se nos ocurra decirle nada a los gitanos porque tienen cuchillos y navajas,que vaya mirando tapones de estos que a√≠slan el ruido a tope mejor para poder dormir xd|racist,,,,,,,,,,
@Santi_ABASCAL @Igarrigavaz Sois muy necesarios en la recuperaci√≥n de Catalu√±a,imprescindibles!! #NiUnPasoAtras üí™üèΩ #VoxExtremaNecesidad y #ProtejamosEspa√±a üá™üá¶ üá™üá¶|non-racist,,,,,,,,,,
Detenidos seis menores magreb√≠es por encerrar y amenazar a dos cuidadoras de un centro de acogida en Fuerteventura - La Provincia|non-racist,,,,,,,,,,,
#Rep√∫blica üö® üöì Uno de los detenidos contaba con una ficha roja de b√∫squeda,por su probable relaci√≥n con un grupo delictivo dedicado a la falsificaci√≥n de medios de pago electr√≥nicos en diversos pa√≠ses de Europa ‚¨áÔ∏è|non-racist,,,,,,,,,,
üí¨ ¬´Hay que ser antirracista en lo cotidiano¬ª,entrevista a Moha Gerehou,autor de ‚ÄúQu√© hace un negro como t√∫ en un sitio como este‚Äú üëâ Consulta la entrevista completa en #Reportajes #Racismo #CEAAULA|non-racist,,,,,,,,,
@DebatAlRojoVivo Luego viene una manada de magreb√≠es y te violan en grupo...|racist,,,,,,,,,,,
@valkiria642 Las personas normales no se re√∫nen en manada para realizar ese tipo de actos. S√≥lo los delincuentes y ‚Äúalgunos‚Äù extranjeros ilegales,que justificando sus culturas,quieren implantar en Espa√±a üá™üá∏ sus leyes y sus costumbres. #La√ëEstaEnPeligro üëáüèº|racist,,,,,,,,,
@AntofagastaTV Grave. Lamentablemente son impunes por su condici√≥n de ilegales. Una verdadera mierda eso que llaman INMIGRANTES en Antofagasta|racist,,,,,,,,,,,
@iescolar Escolar,la gente est√° hasta los cojones de las violaciones,agresiones,robos,amenazas y palizas que reciben de menas,magreb√≠es e inmigrantes ilegales. Co√±o,¬øporque no publicas las violaciones casi diarias que sufrimos por esta gentuza? Hay Barrios que est√°n al limite|racist,,,,,
.#Expulsi√≥nya Dos magreb√≠es abusan sexualmente de una joven en una c√©ntrica plaza de Valencia|non-racist,,,,,,,,,,,
@Lolxd4K Yo puedo con 10 negros y el pelon de brazzers|racist,,,,,,,,,,,
"Pues esta mujer subnormal,enviaba gitanos, extorsionaba estudiantes y los enviaba con el dinero üí∞ a ""comprar""Lo que iba es a una muerte segura. Porque tendr√≠an que ir hasta el amazonas. Porque ya de por si , nadie habla de eso en Ecuador y Colombia. #Navarra #Tudela #Pamplona|non-racist",,,,,,,,,,,
Una pregunta,despu√©s de los m√∫ltiples asesinatos cometidos a navajazos y machetazos,las violaciones y las agresiones,como la del polic√≠a de Zaragoza y robos,¬øpodemos decir que los magreb√≠es son profundamente racistas con los espa√±oles o solo somos racistas nosotros?|racist,,,,,,,
#LevantandoEspa√±aConVox #LevantandoEspa√±a #TeamVox #StopIslamizaci√≥n Un periodista CATAL√ÅN llama NAZ1 a VOX y GARRIGA le da un REPASO HIST√ìRI... a trav√©s de @YouTube|racist,,,,,,,,,,,
@hermanntertsch @elespanolcom Lo que se cuenta en esta noticia es terrible. No s√≥lo abusos sexuales,tambi√©n un c√∫mulo de delitos de todos los responsables del centro,de los falsos menas y de todo el que pasaba all√≠.|racist,,,,,,,,,
El Gobierno y el PP nacional plantan a las v√≠ctimas del terrorismo en el 40 aniversario de su asociaci√≥n|non-racist,,,,,,,,,,,
"@adryR49109310 @MaraJos19539414 @Santi_ABASCAL No se equivoqu√©, Smith el boina ""Rosa"" Odiando los gays, Olona, las menas, Monasterio pestes de lo inmigrantes del color que sean, Abascal el de polipiel, solo cazar y todos, Espa√±a en blanco y negro!! Los espa√±oles no queremos eso!!|racist",,,,,,,,,,,
@portilla_montse Ah s√≠ y tambi√©n me dijeron que el Capitalismo y el Socialismo son inventos jud√≠os para controlar todo,y que lo √∫nico que se opone a esto es el Nacional Socialismo,que si nos va llevar al para√≠so. üòÇü§°|non-racist,,,,,,,,,
@irene_menas Dan ganas de meterse en el agua.üòç|non-racist,,,,,,,,,,,
üëÆüèª‚Äç‚ôÇÔ∏è Arrestan a dos magreb√≠es en Alguazas (Murcia) tras cometer casi una veintena de robos con gran violencia en viviendas #Murcia #Polic√≠a #Inmigraci√≥n|non-racist,,,,,,,,,,,
Ortega Smith: ¬´La violencia tiene una causa directa con la entrada masiva de inmigraci√≥n ilegal¬ª|racist,,,,,,,,,,,
üìåTienen bien aprendida la lecci√≥n üëá LOS ESPA√ëOLES SON TONTOS y nos mantienen. ‚òùÔ∏èUna muestra m√°s de que vienen a integrarseü§¨ üöôMercedes de paguita o de droguita? ü§î #La√ëEst√°EnPeligro|racist,,,,,,,,,,,
@eva_sefue @gonza_loco21 Pues siguen en barracones,muertos de asco con cero ayudas y viendo como los inmigrantes ilegales est√°n de puta madre #AscoDeGobierno #Soloquedavox|racist,,,,,,,,,,
@ElHuffPost ¬øPara cu√°ndo una informaci√≥n sin sesgo y veraz? Hasta entonces,sugiero que informen de las agresiones diarias,violaciones en manada,robos etc..a los espa√±oles (de toda condici√≥n) por parte de los Menas. Gracias!|racist,,,,,,,,
@vox_es @Jorgebuxade Ahora solo queda devolver a los menas a su pa√≠s. Son responsabilidad de sus familias y del gobierno de Marruecos,no de los espa√±oles. Se acab√≥ la tomadura de pelo,fuera pagas y subvenciones,los espa√±oles no estamos para mantener a los hijos de los marroqu√≠es.|racist,,,,,,,,
@BeatrizValenzu2 @PeterlouisMR @example_1000 Esa es la parte triste no pagar√°n por el delito que han cometido #ArribaVOXvenceremos #VoxExtremaNecesidad #SiguemeYTeSigoVOX|non-racist,,,,,,,,,,,
2 A.M escuchando LOS MOROS. Alguien que me mate|racist,,,,,,,,,,,
@Txaro29871396 @Puri10088084 @jjaviervazquez Poruqe no hablan de la violaci√≥n a la ni√±a de 17a√±os de Vizcaya? Poruqe la han violado una manada de magreb√≠es?? Se est√° criminalizando al hombre nativo,ese es el camino|racist,,,,,,,,,,
Es evidente que la izquierda es parte de ETA y ETA est√° en la Izquierda ya no disimulan creen que los Espa√±oles olvidamos y nos da igual. Est√°n equivocados y la izquierda primero desaparecer√°n y luego ser√°n ilegales como @EJBildu enemigo #EsHoraDeVox #TeamVox #LevantandoEspa√±a|non-racist,,,,,,,,,,,
@CelebiCeleste Odio el de la panda de magreb√¨es ue dan la.paliza a uno en Tarrasa.|non-racist,,,,,,,,,,,
@gardenia073 Y esa gente se inyectaron marihuana alguna vez en su vida? Se ven bien jodios|non-racist,,,,,,,,,,,
@rod22daiz @Mark74274260 @Ramon_AlvarezMM Madrid Ciudad racista donde pegan gays negros moros y noruegos|racist,,,,,,,,,,,
@sanchezcastejon Centro de menores de Hortaleza,50 magreb√≠es,52 subsaharianos y 5 espa√±oles. Pues si hablamos de las c√°rceles espa√±olas ya ni te cuento. Esa es la recuperaci√≥n,mantener delincuentes extranjeros|racist,,,,,,,,
@vox_es Claro,como parte de futuros VOTANTES del PSOE y PODEMOS...COLECTIVOS de DROGADICTOS ADOCTRINADOS CRIMINALES CASTROCHAVISTAS,OKUPAS,MENAS E INMIGRANTES ILEGALES QUE TRAEN Y ALOJAN POR TODA ESPA√ëA..Y,que corren a darles nacionalidad,para que puedan votar,adivinen por quien?|racist,,,,,
Lo que #Iquique necesita,son turista que traigan dinero y desarrollo. No necesitamos inmigrantes Ilegales que s√≥lo traen pobreza,delincuencia,asesinatos,violaciones y suciedad. Exijimos su pronta expulsi√≥n|racist,,,,,,,
@LaGacetaSA Para cuando un especial sobre inmigraci√≥n ilegales que viola a ni√±as espa√±olas,Magreb√≠es marroqu√≠es y subsaharianos,bandas latinas y sinverguezas varios que roban,trafican,okupan y delinquen por toda la geograf√≠a espa√±ola y europea. Lo tienes f√°cil,s√≥lo tienes que mirar.|racist,,,,,,
@hermanntertsch Canarias exporta menas e ilegales. Ada no los quiere m√°s|racist,,,,,,,,,,,
@MoiraAisa @HELIODOPTERO Maldita CORRUPCI√ìN tan hp que tiene nuestro hermoso PA√çS,con la cat√°strofe de hace 4 a√±os,Colombia recibi√≥ varios MILLONES DE D√ìLARES por China,Emiratos √Årabes y otros pa√≠ses para ayudar MOCOA,entonces que hicieron esa plata para as√≠ haber prevenido otra cosa igual.|non-racist,,,,,,,
Ecoembes,entidad sin √°nimo de lucro,acusada de inflar la cantidad de envases que recicla|non-racist,,,,,,,,,
Seguro Per√∫ va a poner ene de su parte con el doble de inmigrantes que nosotros. Para qu√© hablar de la s√∫per motivada policia boliviana.|non-racist,,,,,,,,,,,
@GabrielSinMas @aljoroco4 @vox_es Porque Espa√±a conquist√≥ Am√©rica,pero nosotros incluso nuestra matem√°tica procede de musulmanes,as√≠ como gran parte de el conocimiento de occidente|non-racist,,,,,,,,,
@liberumibero @VinnieMcfly @MLopezSanMartin No bueno. Limosneros y gitanos pero dignos. ü§£|racist,,,,,,,,,,,
@MasMadridCM En vez de enfocarae en el problema atacan a Madrid. Todos los detenidos son magrebies y dominicanos. Los que la izquierda trae en masa y protege mientras les dan una paguita. ü§Æ|racist,,,,,,,,,,,
@Panda234uwu mi papa se cayo de las escaleras,esta empezando a convulsionar y est√°n entrando unos √°rabes en mi casa|non-racist,,,,,,,,,,
Gente,no os paseis con la sidrq antes De las camoanadas,yo ya ando con dolor De cabeza XD. feliz ano a todos Los Latinos que ya esteis en 2022|non-racist,,,,,,,,,
@LaEtxeberrinche @GitFeministas @gitanos_org @fakaligitanas @romiasociacion @Kamirafed @FAGIC1 @gitanos_org_MA @gazkalo Lo peor ya no es solo lo que dice si no como lo dice.|non-racist,,,,,,,,,,,
Escuchar decir a Emilio ‚Äú HOLA TODES ‚Äú me dice que estamos muy jodios como sociedad üìâüìâ|non-racist,,,,,,,,,,,
@JavierVillamor Pues ya he visto a muchos musulmanes por aqu√≠ que los defienden.|non-racist,,,,,,,,,,,
¬°Hola @SaludMadrid! Tenemos a una persona que ha estado en contacto #DIRECTO con un positivo üî¥ CONFIRMADO de #COVID19 y no consigue que le hagan el PCR. ¬øEsto es normal? Gracias. Cc @sanidadgob|non-racist,,,,,,,,,,,
"YouTube () El otro Biden: en 2006 vot√≥ ""por 700 millas de muro"" y criticaba la inmigraci√≥n ilegal En 2006 Joe Biden criticaba a los inmigrantes ilegales y ped√≠a reforzar el muro|non-racist",,,,,,,,,,,
@irene_menas San Abundio fue el cuarto obispo de la ciudad italiana de Como,sucediendo a San Amancio,que tambi√©n las liaba...|non-racist,,,,,,,,,
La √∫ltima de Marlaska: no tolera que se hable de menas ¬´fugados¬ª sino de ¬´desaparecidos¬ª|non-racist,,,,,,,,,,,
Es un chico de una familia muy conocida de Valencia. 16 a√±os,un tiarr√≥n de 1,90 que nada pudo hacer contra un grupo de MENAS delincuentes. Esperaron a que se separase de sus amigos para atacarle por la espalda. Le robaron y se ensa√±aron con √©l en el suelo destroz√°ndole la cara.|racist,,,,,,,,,
@islamenmurcia @VivirSinRacismo @CONGDRMurcia @pacoviudes @GinesRuizMacia @mgfigal @Llampico @Ballesta_Murcia @SerranoJAntonio @antelini @VicepresidenRM Vaya por delante mi condena pero ....ellos condenan las agresiones en manada de magreb√≠es ?|racist,,,,,,,,,,,
@occidcomitatus Me puse a leer sobre √©l,y si bien el cartagin√©s me sigue pareciendo superior en cuanto a cruce por pasos monta√±osos respecta,el romano no deja de ser notable. Eso si,como quedaron √©l y los persas le dej√≥ camino libre a los √°rabes de manera que ninguno de los 2 esperaba jajaja|non-racist,,,,,,,,
@OtraPendeja Salen esos panchitos,pizzas,picadas,choris,snacks,gaseosas y dem√°s. Todo sin etiquetado as√≠ termina de enloquecer.|non-racist,,,,,,
@yag6mi @denjikiut @drak69n nos cambio por alguno d sus inmigrantes seguro|racist,,,,,,,,,,,
@desdelamoncloa @sanchezcastejon @Defensagob @MAECgob @inclusiongob Les recuerdo q ustedes y @PODEMOS nos llenaron nuestros barrios d bandas d delincuentes,magrebies q entraron ilegalmente por Canarias,Ceuta y Andalucia. Las mafias okupas q uds protegen invaden nuestra propiedad,y los propietarios nos quedamos en la calle. Esto q es lo q es.üëá|non-racist,,,,,,,,